"PROVINCIE","Age","Year","Gender","Freq"
"Groningen","20 tot 30 jaar","2010","Male",43551
"Groningen","30 tot 40 jaar","2010","Male",37056
"Groningen","40 tot 50 jaar","2010","Male",42471
"Groningen","50 tot 60 jaar","2010","Male",39695
"Groningen","60 tot 70 jaar","2010","Male",32824
"Groningen","70 tot 80 jaar","2010","Male",17754
"Groningen","80 tot 90 jaar","2010","Male",7259
"Groningen","90 jaar of ouder","2010","Male",763
"Friesland","20 tot 30 jaar","2010","Male",37622
"Friesland","30 tot 40 jaar","2010","Male",40146
"Friesland","40 tot 50 jaar","2010","Male",49631
"Friesland","50 tot 60 jaar","2010","Male",44749
"Friesland","60 tot 70 jaar","2010","Male",38906
"Friesland","70 tot 80 jaar","2010","Male",21527
"Friesland","80 tot 90 jaar","2010","Male",8416
"Friesland","90 jaar of ouder","2010","Male",921
"Drenthe","20 tot 30 jaar","2010","Male",23765
"Drenthe","30 tot 40 jaar","2010","Male",28607
"Drenthe","40 tot 50 jaar","2010","Male",38565
"Drenthe","50 tot 60 jaar","2010","Male",35876
"Drenthe","60 tot 70 jaar","2010","Male",30825
"Drenthe","70 tot 80 jaar","2010","Male",17614
"Drenthe","80 tot 90 jaar","2010","Male",7130
"Drenthe","90 jaar of ouder","2010","Male",773
"Overijssel","20 tot 30 jaar","2010","Male",72119
"Overijssel","30 tot 40 jaar","2010","Male",74720
"Overijssel","40 tot 50 jaar","2010","Male",87137
"Overijssel","50 tot 60 jaar","2010","Male",74732
"Overijssel","60 tot 70 jaar","2010","Male",61262
"Overijssel","70 tot 80 jaar","2010","Male",34929
"Overijssel","80 tot 90 jaar","2010","Male",13370
"Overijssel","90 jaar of ouder","2010","Male",1170
"Flevoland","20 tot 30 jaar","2010","Male",25058
"Flevoland","30 tot 40 jaar","2010","Male",26682
"Flevoland","40 tot 50 jaar","2010","Male",32467
"Flevoland","50 tot 60 jaar","2010","Male",25920
"Flevoland","60 tot 70 jaar","2010","Male",16292
"Flevoland","70 tot 80 jaar","2010","Male",7397
"Flevoland","80 tot 90 jaar","2010","Male",2970
"Flevoland","90 jaar of ouder","2010","Male",275
"Gelderland","20 tot 30 jaar","2010","Male",114636
"Gelderland","30 tot 40 jaar","2010","Male",124487
"Gelderland","40 tot 50 jaar","2010","Male",157945
"Gelderland","50 tot 60 jaar","2010","Male",138708
"Gelderland","60 tot 70 jaar","2010","Male",112979
"Gelderland","70 tot 80 jaar","2010","Male",62390
"Gelderland","80 tot 90 jaar","2010","Male",24099
"Gelderland","90 jaar of ouder","2010","Male",2325
"Utrecht","20 tot 30 jaar","2010","Male",79425
"Utrecht","30 tot 40 jaar","2010","Male",86165
"Utrecht","40 tot 50 jaar","2010","Male",94623
"Utrecht","50 tot 60 jaar","2010","Male",77425
"Utrecht","60 tot 70 jaar","2010","Male",58982
"Utrecht","70 tot 80 jaar","2010","Male",31907
"Utrecht","80 tot 90 jaar","2010","Male",12932
"Utrecht","90 jaar of ouder","2010","Male",1356
"Noord-Holland","20 tot 30 jaar","2010","Male",162964
"Noord-Holland","30 tot 40 jaar","2010","Male",189376
"Noord-Holland","40 tot 50 jaar","2010","Male",215988
"Noord-Holland","50 tot 60 jaar","2010","Male",178483
"Noord-Holland","60 tot 70 jaar","2010","Male",142696
"Noord-Holland","70 tot 80 jaar","2010","Male",75778
"Noord-Holland","80 tot 90 jaar","2010","Male",31492
"Noord-Holland","90 jaar of ouder","2010","Male",3289
"Zuid-Holland","20 tot 30 jaar","2010","Male",228721
"Zuid-Holland","30 tot 40 jaar","2010","Male",239916
"Zuid-Holland","40 tot 50 jaar","2010","Male",270009
"Zuid-Holland","50 tot 60 jaar","2010","Male",231701
"Zuid-Holland","60 tot 70 jaar","2010","Male",184570
"Zuid-Holland","70 tot 80 jaar","2010","Male",101942
"Zuid-Holland","80 tot 90 jaar","2010","Male",42116
"Zuid-Holland","90 jaar of ouder","2010","Male",4617
"Zeeland","20 tot 30 jaar","2010","Male",19969
"Zeeland","30 tot 40 jaar","2010","Male",22760
"Zeeland","40 tot 50 jaar","2010","Male",28551
"Zeeland","50 tot 60 jaar","2010","Male",26992
"Zeeland","60 tot 70 jaar","2010","Male",24758
"Zeeland","70 tot 80 jaar","2010","Male",13994
"Zeeland","80 tot 90 jaar","2010","Male",6222
"Zeeland","90 jaar of ouder","2010","Male",792
"Noord-Brabant","20 tot 30 jaar","2010","Male",145194
"Noord-Brabant","30 tot 40 jaar","2010","Male",158305
"Noord-Brabant","40 tot 50 jaar","2010","Male",197389
"Noord-Brabant","50 tot 60 jaar","2010","Male",172767
"Noord-Brabant","60 tot 70 jaar","2010","Male",142978
"Noord-Brabant","70 tot 80 jaar","2010","Male",80110
"Noord-Brabant","80 tot 90 jaar","2010","Male",27677
"Noord-Brabant","90 jaar of ouder","2010","Male",2336
"Limburg","20 tot 30 jaar","2010","Male",61904
"Limburg","30 tot 40 jaar","2010","Male",63899
"Limburg","40 tot 50 jaar","2010","Male",91102
"Limburg","50 tot 60 jaar","2010","Male",88314
"Limburg","60 tot 70 jaar","2010","Male",72890
"Limburg","70 tot 80 jaar","2010","Male",41999
"Limburg","80 tot 90 jaar","2010","Male",14750
"Limburg","90 jaar of ouder","2010","Male",1206
"Groningen","20 tot 30 jaar","2011","Male",44203
"Groningen","30 tot 40 jaar","2011","Male",36294
"Groningen","40 tot 50 jaar","2011","Male",42600
"Groningen","50 tot 60 jaar","2011","Male",39833
"Groningen","60 tot 70 jaar","2011","Male",33733
"Groningen","70 tot 80 jaar","2011","Male",18122
"Groningen","80 tot 90 jaar","2011","Male",7443
"Groningen","90 jaar of ouder","2011","Male",874
"Friesland","20 tot 30 jaar","2011","Male",37670
"Friesland","30 tot 40 jaar","2011","Male",38777
"Friesland","40 tot 50 jaar","2011","Male",49938
"Friesland","50 tot 60 jaar","2011","Male",45013
"Friesland","60 tot 70 jaar","2011","Male",39830
"Friesland","70 tot 80 jaar","2011","Male",22114
"Friesland","80 tot 90 jaar","2011","Male",8683
"Friesland","90 jaar of ouder","2011","Male",1020
"Drenthe","20 tot 30 jaar","2011","Male",23829
"Drenthe","30 tot 40 jaar","2011","Male",27610
"Drenthe","40 tot 50 jaar","2011","Male",38576
"Drenthe","50 tot 60 jaar","2011","Male",36210
"Drenthe","60 tot 70 jaar","2011","Male",31626
"Drenthe","70 tot 80 jaar","2011","Male",18007
"Drenthe","80 tot 90 jaar","2011","Male",7268
"Drenthe","90 jaar of ouder","2011","Male",841
"Overijssel","20 tot 30 jaar","2011","Male",72332
"Overijssel","30 tot 40 jaar","2011","Male",72775
"Overijssel","40 tot 50 jaar","2011","Male",87541
"Overijssel","50 tot 60 jaar","2011","Male",75646
"Overijssel","60 tot 70 jaar","2011","Male",62639
"Overijssel","70 tot 80 jaar","2011","Male",35917
"Overijssel","80 tot 90 jaar","2011","Male",13871
"Overijssel","90 jaar of ouder","2011","Male",1342
"Flevoland","20 tot 30 jaar","2011","Male",25296
"Flevoland","30 tot 40 jaar","2011","Male",26157
"Flevoland","40 tot 50 jaar","2011","Male",32579
"Flevoland","50 tot 60 jaar","2011","Male",26688
"Flevoland","60 tot 70 jaar","2011","Male",17235
"Flevoland","70 tot 80 jaar","2011","Male",7618
"Flevoland","80 tot 90 jaar","2011","Male",3069
"Flevoland","90 jaar of ouder","2011","Male",323
"Gelderland","20 tot 30 jaar","2011","Male",115560
"Gelderland","30 tot 40 jaar","2011","Male",119932
"Gelderland","40 tot 50 jaar","2011","Male",157835
"Gelderland","50 tot 60 jaar","2011","Male",140433
"Gelderland","60 tot 70 jaar","2011","Male",115903
"Gelderland","70 tot 80 jaar","2011","Male",64294
"Gelderland","80 tot 90 jaar","2011","Male",25122
"Gelderland","90 jaar of ouder","2011","Male",2519
"Utrecht","20 tot 30 jaar","2011","Male",79377
"Utrecht","30 tot 40 jaar","2011","Male",84107
"Utrecht","40 tot 50 jaar","2011","Male",95528
"Utrecht","50 tot 60 jaar","2011","Male",78537
"Utrecht","60 tot 70 jaar","2011","Male",60850
"Utrecht","70 tot 80 jaar","2011","Male",32876
"Utrecht","80 tot 90 jaar","2011","Male",13405
"Utrecht","90 jaar of ouder","2011","Male",1528
"Noord-Holland","20 tot 30 jaar","2011","Male",165903
"Noord-Holland","30 tot 40 jaar","2011","Male",185548
"Noord-Holland","40 tot 50 jaar","2011","Male",217079
"Noord-Holland","50 tot 60 jaar","2011","Male",180812
"Noord-Holland","60 tot 70 jaar","2011","Male",146722
"Noord-Holland","70 tot 80 jaar","2011","Male",78144
"Noord-Holland","80 tot 90 jaar","2011","Male",32408
"Noord-Holland","90 jaar of ouder","2011","Male",3684
"Zuid-Holland","20 tot 30 jaar","2011","Male",232306
"Zuid-Holland","30 tot 40 jaar","2011","Male",235364
"Zuid-Holland","40 tot 50 jaar","2011","Male",271308
"Zuid-Holland","50 tot 60 jaar","2011","Male",234311
"Zuid-Holland","60 tot 70 jaar","2011","Male",189262
"Zuid-Holland","70 tot 80 jaar","2011","Male",104441
"Zuid-Holland","80 tot 90 jaar","2011","Male",43689
"Zuid-Holland","90 jaar of ouder","2011","Male",5053
"Zeeland","20 tot 30 jaar","2011","Male",20120
"Zeeland","30 tot 40 jaar","2011","Male",21983
"Zeeland","40 tot 50 jaar","2011","Male",28599
"Zeeland","50 tot 60 jaar","2011","Male",27038
"Zeeland","60 tot 70 jaar","2011","Male",25229
"Zeeland","70 tot 80 jaar","2011","Male",14358
"Zeeland","80 tot 90 jaar","2011","Male",6373
"Zeeland","90 jaar of ouder","2011","Male",843
"Noord-Brabant","20 tot 30 jaar","2011","Male",146998
"Noord-Brabant","30 tot 40 jaar","2011","Male",153356
"Noord-Brabant","40 tot 50 jaar","2011","Male",197669
"Noord-Brabant","50 tot 60 jaar","2011","Male",174696
"Noord-Brabant","60 tot 70 jaar","2011","Male",146529
"Noord-Brabant","70 tot 80 jaar","2011","Male",82594
"Noord-Brabant","80 tot 90 jaar","2011","Male",29255
"Noord-Brabant","90 jaar of ouder","2011","Male",2646
"Limburg","20 tot 30 jaar","2011","Male",63190
"Limburg","30 tot 40 jaar","2011","Male",61709
"Limburg","40 tot 50 jaar","2011","Male",89714
"Limburg","50 tot 60 jaar","2011","Male",88775
"Limburg","60 tot 70 jaar","2011","Male",74613
"Limburg","70 tot 80 jaar","2011","Male",43165
"Limburg","80 tot 90 jaar","2011","Male",15711
"Limburg","90 jaar of ouder","2011","Male",1343
"Groningen","20 tot 30 jaar","2012","Male",44994
"Groningen","30 tot 40 jaar","2012","Male",35161
"Groningen","40 tot 50 jaar","2012","Male",42549
"Groningen","50 tot 60 jaar","2012","Male",39988
"Groningen","60 tot 70 jaar","2012","Male",34710
"Groningen","70 tot 80 jaar","2012","Male",18481
"Groningen","80 tot 90 jaar","2012","Male",7563
"Groningen","90 jaar of ouder","2012","Male",947
"Friesland","20 tot 30 jaar","2012","Male",37619
"Friesland","30 tot 40 jaar","2012","Male",37464
"Friesland","40 tot 50 jaar","2012","Male",49967
"Friesland","50 tot 60 jaar","2012","Male",45391
"Friesland","60 tot 70 jaar","2012","Male",40648
"Friesland","70 tot 80 jaar","2012","Male",22775
"Friesland","80 tot 90 jaar","2012","Male",8979
"Friesland","90 jaar of ouder","2012","Male",1105
"Drenthe","20 tot 30 jaar","2012","Male",23742
"Drenthe","30 tot 40 jaar","2012","Male",26678
"Drenthe","40 tot 50 jaar","2012","Male",38190
"Drenthe","50 tot 60 jaar","2012","Male",36526
"Drenthe","60 tot 70 jaar","2012","Male",32344
"Drenthe","70 tot 80 jaar","2012","Male",18561
"Drenthe","80 tot 90 jaar","2012","Male",7455
"Drenthe","90 jaar of ouder","2012","Male",909
"Overijssel","20 tot 30 jaar","2012","Male",72410
"Overijssel","30 tot 40 jaar","2012","Male",71077
"Overijssel","40 tot 50 jaar","2012","Male",87413
"Overijssel","50 tot 60 jaar","2012","Male",76656
"Overijssel","60 tot 70 jaar","2012","Male",64330
"Overijssel","70 tot 80 jaar","2012","Male",36678
"Overijssel","80 tot 90 jaar","2012","Male",14610
"Overijssel","90 jaar of ouder","2012","Male",1448
"Flevoland","20 tot 30 jaar","2012","Male",25696
"Flevoland","30 tot 40 jaar","2012","Male",25580
"Flevoland","40 tot 50 jaar","2012","Male",32419
"Flevoland","50 tot 60 jaar","2012","Male",27463
"Flevoland","60 tot 70 jaar","2012","Male",18267
"Flevoland","70 tot 80 jaar","2012","Male",7876
"Flevoland","80 tot 90 jaar","2012","Male",3186
"Flevoland","90 jaar of ouder","2012","Male",333
"Gelderland","20 tot 30 jaar","2012","Male",117096
"Gelderland","30 tot 40 jaar","2012","Male",116371
"Gelderland","40 tot 50 jaar","2012","Male",156624
"Gelderland","50 tot 60 jaar","2012","Male",142735
"Gelderland","60 tot 70 jaar","2012","Male",119092
"Gelderland","70 tot 80 jaar","2012","Male",66048
"Gelderland","80 tot 90 jaar","2012","Male",26032
"Gelderland","90 jaar of ouder","2012","Male",2798
"Utrecht","20 tot 30 jaar","2012","Male",80223
"Utrecht","30 tot 40 jaar","2012","Male",82297
"Utrecht","40 tot 50 jaar","2012","Male",95978
"Utrecht","50 tot 60 jaar","2012","Male",80174
"Utrecht","60 tot 70 jaar","2012","Male",62713
"Utrecht","70 tot 80 jaar","2012","Male",33593
"Utrecht","80 tot 90 jaar","2012","Male",13986
"Utrecht","90 jaar of ouder","2012","Male",1639
"Noord-Holland","20 tot 30 jaar","2012","Male",168895
"Noord-Holland","30 tot 40 jaar","2012","Male",182324
"Noord-Holland","40 tot 50 jaar","2012","Male",216473
"Noord-Holland","50 tot 60 jaar","2012","Male",184359
"Noord-Holland","60 tot 70 jaar","2012","Male",150549
"Noord-Holland","70 tot 80 jaar","2012","Male",80171
"Noord-Holland","80 tot 90 jaar","2012","Male",33228
"Noord-Holland","90 jaar of ouder","2012","Male",4146
"Zuid-Holland","20 tot 30 jaar","2012","Male",236140
"Zuid-Holland","30 tot 40 jaar","2012","Male",232189
"Zuid-Holland","40 tot 50 jaar","2012","Male",271768
"Zuid-Holland","50 tot 60 jaar","2012","Male",237426
"Zuid-Holland","60 tot 70 jaar","2012","Male",194232
"Zuid-Holland","70 tot 80 jaar","2012","Male",106535
"Zuid-Holland","80 tot 90 jaar","2012","Male",44910
"Zuid-Holland","90 jaar of ouder","2012","Male",5630
"Zeeland","20 tot 30 jaar","2012","Male",20010
"Zeeland","30 tot 40 jaar","2012","Male",21194
"Zeeland","40 tot 50 jaar","2012","Male",28690
"Zeeland","50 tot 60 jaar","2012","Male",27117
"Zeeland","60 tot 70 jaar","2012","Male",25680
"Zeeland","70 tot 80 jaar","2012","Male",14720
"Zeeland","80 tot 90 jaar","2012","Male",6517
"Zeeland","90 jaar of ouder","2012","Male",946
"Noord-Brabant","20 tot 30 jaar","2012","Male",148764
"Noord-Brabant","30 tot 40 jaar","2012","Male",149658
"Noord-Brabant","40 tot 50 jaar","2012","Male",195824
"Noord-Brabant","50 tot 60 jaar","2012","Male",177117
"Noord-Brabant","60 tot 70 jaar","2012","Male",150209
"Noord-Brabant","70 tot 80 jaar","2012","Male",84766
"Noord-Brabant","80 tot 90 jaar","2012","Male",30981
"Noord-Brabant","90 jaar of ouder","2012","Male",2909
"Limburg","20 tot 30 jaar","2012","Male",64422
"Limburg","30 tot 40 jaar","2012","Male",60146
"Limburg","40 tot 50 jaar","2012","Male",87564
"Limburg","50 tot 60 jaar","2012","Male",89487
"Limburg","60 tot 70 jaar","2012","Male",76544
"Limburg","70 tot 80 jaar","2012","Male",44418
"Limburg","80 tot 90 jaar","2012","Male",16500
"Limburg","90 jaar of ouder","2012","Male",1478
"Groningen","20 tot 30 jaar","2013","Male",45561
"Groningen","30 tot 40 jaar","2013","Male",34272
"Groningen","40 tot 50 jaar","2013","Male",42328
"Groningen","50 tot 60 jaar","2013","Male",40044
"Groningen","60 tot 70 jaar","2013","Male",35605
"Groningen","70 tot 80 jaar","2013","Male",18923
"Groningen","80 tot 90 jaar","2013","Male",7676
"Groningen","90 jaar of ouder","2013","Male",1033
"Friesland","20 tot 30 jaar","2013","Male",37549
"Friesland","30 tot 40 jaar","2013","Male",36507
"Friesland","40 tot 50 jaar","2013","Male",49529
"Friesland","50 tot 60 jaar","2013","Male",45863
"Friesland","60 tot 70 jaar","2013","Male",41238
"Friesland","70 tot 80 jaar","2013","Male",23600
"Friesland","80 tot 90 jaar","2013","Male",9202
"Friesland","90 jaar of ouder","2013","Male",1158
"Drenthe","20 tot 30 jaar","2013","Male",23804
"Drenthe","30 tot 40 jaar","2013","Male",25758
"Drenthe","40 tot 50 jaar","2013","Male",37683
"Drenthe","50 tot 60 jaar","2013","Male",36661
"Drenthe","60 tot 70 jaar","2013","Male",33042
"Drenthe","70 tot 80 jaar","2013","Male",19059
"Drenthe","80 tot 90 jaar","2013","Male",7672
"Drenthe","90 jaar of ouder","2013","Male",975
"Overijssel","20 tot 30 jaar","2013","Male",72215
"Overijssel","30 tot 40 jaar","2013","Male",69572
"Overijssel","40 tot 50 jaar","2013","Male",86677
"Overijssel","50 tot 60 jaar","2013","Male",77727
"Overijssel","60 tot 70 jaar","2013","Male",65863
"Overijssel","70 tot 80 jaar","2013","Male",37763
"Overijssel","80 tot 90 jaar","2013","Male",15118
"Overijssel","90 jaar of ouder","2013","Male",1583
"Flevoland","20 tot 30 jaar","2013","Male",25986
"Flevoland","30 tot 40 jaar","2013","Male",25283
"Flevoland","40 tot 50 jaar","2013","Male",32294
"Flevoland","50 tot 60 jaar","2013","Male",28091
"Flevoland","60 tot 70 jaar","2013","Male",19171
"Flevoland","70 tot 80 jaar","2013","Male",8254
"Flevoland","80 tot 90 jaar","2013","Male",3305
"Flevoland","90 jaar of ouder","2013","Male",368
"Gelderland","20 tot 30 jaar","2013","Male",118511
"Gelderland","30 tot 40 jaar","2013","Male",113623
"Gelderland","40 tot 50 jaar","2013","Male",154198
"Gelderland","50 tot 60 jaar","2013","Male",144625
"Gelderland","60 tot 70 jaar","2013","Male",122494
"Gelderland","70 tot 80 jaar","2013","Male",67914
"Gelderland","80 tot 90 jaar","2013","Male",27119
"Gelderland","90 jaar of ouder","2013","Male",2950
"Utrecht","20 tot 30 jaar","2013","Male",80841
"Utrecht","30 tot 40 jaar","2013","Male",80886
"Utrecht","40 tot 50 jaar","2013","Male",95822
"Utrecht","50 tot 60 jaar","2013","Male",81594
"Utrecht","60 tot 70 jaar","2013","Male",64689
"Utrecht","70 tot 80 jaar","2013","Male",34609
"Utrecht","80 tot 90 jaar","2013","Male",14463
"Utrecht","90 jaar of ouder","2013","Male",1738
"Noord-Holland","20 tot 30 jaar","2013","Male",171314
"Noord-Holland","30 tot 40 jaar","2013","Male",179423
"Noord-Holland","40 tot 50 jaar","2013","Male",214499
"Noord-Holland","50 tot 60 jaar","2013","Male",187370
"Noord-Holland","60 tot 70 jaar","2013","Male",154263
"Noord-Holland","70 tot 80 jaar","2013","Male",82562
"Noord-Holland","80 tot 90 jaar","2013","Male",34127
"Noord-Holland","90 jaar of ouder","2013","Male",4396
"Zuid-Holland","20 tot 30 jaar","2013","Male",237781
"Zuid-Holland","30 tot 40 jaar","2013","Male",228172
"Zuid-Holland","40 tot 50 jaar","2013","Male",269091
"Zuid-Holland","50 tot 60 jaar","2013","Male",239855
"Zuid-Holland","60 tot 70 jaar","2013","Male",199275
"Zuid-Holland","70 tot 80 jaar","2013","Male",108683
"Zuid-Holland","80 tot 90 jaar","2013","Male",46296
"Zuid-Holland","90 jaar of ouder","2013","Male",5868
"Zeeland","20 tot 30 jaar","2013","Male",19973
"Zeeland","30 tot 40 jaar","2013","Male",20587
"Zeeland","40 tot 50 jaar","2013","Male",28558
"Zeeland","50 tot 60 jaar","2013","Male",27103
"Zeeland","60 tot 70 jaar","2013","Male",26031
"Zeeland","70 tot 80 jaar","2013","Male",15173
"Zeeland","80 tot 90 jaar","2013","Male",6645
"Zeeland","90 jaar of ouder","2013","Male",969
"Noord-Brabant","20 tot 30 jaar","2013","Male",150793
"Noord-Brabant","30 tot 40 jaar","2013","Male",146762
"Noord-Brabant","40 tot 50 jaar","2013","Male",193218
"Noord-Brabant","50 tot 60 jaar","2013","Male",179367
"Noord-Brabant","60 tot 70 jaar","2013","Male",153589
"Noord-Brabant","70 tot 80 jaar","2013","Male",87191
"Noord-Brabant","80 tot 90 jaar","2013","Male",32732
"Noord-Brabant","90 jaar of ouder","2013","Male",3199
"Limburg","20 tot 30 jaar","2013","Male",65515
"Limburg","30 tot 40 jaar","2013","Male",58753
"Limburg","40 tot 50 jaar","2013","Male",85163
"Limburg","50 tot 60 jaar","2013","Male",89848
"Limburg","60 tot 70 jaar","2013","Male",78207
"Limburg","70 tot 80 jaar","2013","Male",45712
"Limburg","80 tot 90 jaar","2013","Male",17299
"Limburg","90 jaar of ouder","2013","Male",1611
"Groningen","20 tot 30 jaar","2014","Male",46124
"Groningen","30 tot 40 jaar","2014","Male",33739
"Groningen","40 tot 50 jaar","2014","Male",41627
"Groningen","50 tot 60 jaar","2014","Male",40121
"Groningen","60 tot 70 jaar","2014","Male",36174
"Groningen","70 tot 80 jaar","2014","Male",19639
"Groningen","80 tot 90 jaar","2014","Male",7930
"Groningen","90 jaar of ouder","2014","Male",1083
"Friesland","20 tot 30 jaar","2014","Male",37400
"Friesland","30 tot 40 jaar","2014","Male",36028
"Friesland","40 tot 50 jaar","2014","Male",48585
"Friesland","50 tot 60 jaar","2014","Male",46080
"Friesland","60 tot 70 jaar","2014","Male",42002
"Friesland","70 tot 80 jaar","2014","Male",24563
"Friesland","80 tot 90 jaar","2014","Male",9332
"Friesland","90 jaar of ouder","2014","Male",1217
"Drenthe","20 tot 30 jaar","2014","Male",23742
"Drenthe","30 tot 40 jaar","2014","Male",25086
"Drenthe","40 tot 50 jaar","2014","Male",36826
"Drenthe","50 tot 60 jaar","2014","Male",37088
"Drenthe","60 tot 70 jaar","2014","Male",33482
"Drenthe","70 tot 80 jaar","2014","Male",19772
"Drenthe","80 tot 90 jaar","2014","Male",7964
"Drenthe","90 jaar of ouder","2014","Male",1009
"Overijssel","20 tot 30 jaar","2014","Male",72111
"Overijssel","30 tot 40 jaar","2014","Male",68416
"Overijssel","40 tot 50 jaar","2014","Male",85446
"Overijssel","50 tot 60 jaar","2014","Male",78739
"Overijssel","60 tot 70 jaar","2014","Male",66883
"Overijssel","70 tot 80 jaar","2014","Male",39140
"Overijssel","80 tot 90 jaar","2014","Male",15610
"Overijssel","90 jaar of ouder","2014","Male",1689
"Flevoland","20 tot 30 jaar","2014","Male",26044
"Flevoland","30 tot 40 jaar","2014","Male",25194
"Flevoland","40 tot 50 jaar","2014","Male",31394
"Flevoland","50 tot 60 jaar","2014","Male",28617
"Flevoland","60 tot 70 jaar","2014","Male",20183
"Flevoland","70 tot 80 jaar","2014","Male",8683
"Flevoland","80 tot 90 jaar","2014","Male",3361
"Flevoland","90 jaar of ouder","2014","Male",395
"Gelderland","20 tot 30 jaar","2014","Male",119984
"Gelderland","30 tot 40 jaar","2014","Male",111808
"Gelderland","40 tot 50 jaar","2014","Male",150832
"Gelderland","50 tot 60 jaar","2014","Male",146689
"Gelderland","60 tot 70 jaar","2014","Male",124895
"Gelderland","70 tot 80 jaar","2014","Male",70549
"Gelderland","80 tot 90 jaar","2014","Male",28048
"Gelderland","90 jaar of ouder","2014","Male",3115
"Utrecht","20 tot 30 jaar","2014","Male",81665
"Utrecht","30 tot 40 jaar","2014","Male",80248
"Utrecht","40 tot 50 jaar","2014","Male",94741
"Utrecht","50 tot 60 jaar","2014","Male",83417
"Utrecht","60 tot 70 jaar","2014","Male",66135
"Utrecht","70 tot 80 jaar","2014","Male",35940
"Utrecht","80 tot 90 jaar","2014","Male",14779
"Utrecht","90 jaar of ouder","2014","Male",1918
"Noord-Holland","20 tot 30 jaar","2014","Male",174568
"Noord-Holland","30 tot 40 jaar","2014","Male",178472
"Noord-Holland","40 tot 50 jaar","2014","Male",211145
"Noord-Holland","50 tot 60 jaar","2014","Male",191123
"Noord-Holland","60 tot 70 jaar","2014","Male",156670
"Noord-Holland","70 tot 80 jaar","2014","Male",86065
"Noord-Holland","80 tot 90 jaar","2014","Male",34824
"Noord-Holland","90 jaar of ouder","2014","Male",4653
"Zuid-Holland","20 tot 30 jaar","2014","Male",239407
"Zuid-Holland","30 tot 40 jaar","2014","Male",226437
"Zuid-Holland","40 tot 50 jaar","2014","Male",264474
"Zuid-Holland","50 tot 60 jaar","2014","Male",243573
"Zuid-Holland","60 tot 70 jaar","2014","Male",203061
"Zuid-Holland","70 tot 80 jaar","2014","Male",112277
"Zuid-Holland","80 tot 90 jaar","2014","Male",47459
"Zuid-Holland","90 jaar of ouder","2014","Male",6299
"Zeeland","20 tot 30 jaar","2014","Male",20010
"Zeeland","30 tot 40 jaar","2014","Male",20300
"Zeeland","40 tot 50 jaar","2014","Male",27960
"Zeeland","50 tot 60 jaar","2014","Male",27241
"Zeeland","60 tot 70 jaar","2014","Male",26269
"Zeeland","70 tot 80 jaar","2014","Male",15802
"Zeeland","80 tot 90 jaar","2014","Male",6720
"Zeeland","90 jaar of ouder","2014","Male",1022
"Noord-Brabant","20 tot 30 jaar","2014","Male",153136
"Noord-Brabant","30 tot 40 jaar","2014","Male",145416
"Noord-Brabant","40 tot 50 jaar","2014","Male",189288
"Noord-Brabant","50 tot 60 jaar","2014","Male",182026
"Noord-Brabant","60 tot 70 jaar","2014","Male",155827
"Noord-Brabant","70 tot 80 jaar","2014","Male",90469
"Noord-Brabant","80 tot 90 jaar","2014","Male",34245
"Noord-Brabant","90 jaar of ouder","2014","Male",3571
"Limburg","20 tot 30 jaar","2014","Male",66008
"Limburg","30 tot 40 jaar","2014","Male",58340
"Limburg","40 tot 50 jaar","2014","Male",81938
"Limburg","50 tot 60 jaar","2014","Male",90382
"Limburg","60 tot 70 jaar","2014","Male",79453
"Limburg","70 tot 80 jaar","2014","Male",47233
"Limburg","80 tot 90 jaar","2014","Male",18011
"Limburg","90 jaar of ouder","2014","Male",1806
"Groningen","20 tot 30 jaar","2015","Male",46858
"Groningen","30 tot 40 jaar","2015","Male",33663
"Groningen","40 tot 50 jaar","2015","Male",40563
"Groningen","50 tot 60 jaar","2015","Male",40531
"Groningen","60 tot 70 jaar","2015","Male",36587
"Groningen","70 tot 80 jaar","2015","Male",20428
"Groningen","80 tot 90 jaar","2015","Male",8190
"Groningen","90 jaar of ouder","2015","Male",1104
"Friesland","20 tot 30 jaar","2015","Male",37576
"Friesland","30 tot 40 jaar","2015","Male",35565
"Friesland","40 tot 50 jaar","2015","Male",47360
"Friesland","50 tot 60 jaar","2015","Male",46577
"Friesland","60 tot 70 jaar","2015","Male",42285
"Friesland","70 tot 80 jaar","2015","Male",25819
"Friesland","80 tot 90 jaar","2015","Male",9632
"Friesland","90 jaar of ouder","2015","Male",1306
"Drenthe","20 tot 30 jaar","2015","Male",23645
"Drenthe","30 tot 40 jaar","2015","Male",24944
"Drenthe","40 tot 50 jaar","2015","Male",35775
"Drenthe","50 tot 60 jaar","2015","Male",37265
"Drenthe","60 tot 70 jaar","2015","Male",33908
"Drenthe","70 tot 80 jaar","2015","Male",20558
"Drenthe","80 tot 90 jaar","2015","Male",8363
"Drenthe","90 jaar of ouder","2015","Male",1067
"Overijssel","20 tot 30 jaar","2015","Male",72069
"Overijssel","30 tot 40 jaar","2015","Male",67616
"Overijssel","40 tot 50 jaar","2015","Male",83693
"Overijssel","50 tot 60 jaar","2015","Male",79871
"Overijssel","60 tot 70 jaar","2015","Male",67756
"Overijssel","70 tot 80 jaar","2015","Male",40663
"Overijssel","80 tot 90 jaar","2015","Male",16074
"Overijssel","90 jaar of ouder","2015","Male",1853
"Flevoland","20 tot 30 jaar","2015","Male",26192
"Flevoland","30 tot 40 jaar","2015","Male",25408
"Flevoland","40 tot 50 jaar","2015","Male",30515
"Flevoland","50 tot 60 jaar","2015","Male",29352
"Flevoland","60 tot 70 jaar","2015","Male",20900
"Flevoland","70 tot 80 jaar","2015","Male",9233
"Flevoland","80 tot 90 jaar","2015","Male",3421
"Flevoland","90 jaar of ouder","2015","Male",456
"Gelderland","20 tot 30 jaar","2015","Male",121616
"Gelderland","30 tot 40 jaar","2015","Male",111382
"Gelderland","40 tot 50 jaar","2015","Male",146919
"Gelderland","50 tot 60 jaar","2015","Male",148944
"Gelderland","60 tot 70 jaar","2015","Male",127216
"Gelderland","70 tot 80 jaar","2015","Male",73339
"Gelderland","80 tot 90 jaar","2015","Male",29167
"Gelderland","90 jaar of ouder","2015","Male",3317
"Utrecht","20 tot 30 jaar","2015","Male",82664
"Utrecht","30 tot 40 jaar","2015","Male",80236
"Utrecht","40 tot 50 jaar","2015","Male",93325
"Utrecht","50 tot 60 jaar","2015","Male",85166
"Utrecht","60 tot 70 jaar","2015","Male",67414
"Utrecht","70 tot 80 jaar","2015","Male",37512
"Utrecht","80 tot 90 jaar","2015","Male",15296
"Utrecht","90 jaar of ouder","2015","Male",2038
"Noord-Holland","20 tot 30 jaar","2015","Male",177741
"Noord-Holland","30 tot 40 jaar","2015","Male",178926
"Noord-Holland","40 tot 50 jaar","2015","Male",206757
"Noord-Holland","50 tot 60 jaar","2015","Male",194906
"Noord-Holland","60 tot 70 jaar","2015","Male",159122
"Noord-Holland","70 tot 80 jaar","2015","Male",90075
"Noord-Holland","80 tot 90 jaar","2015","Male",35820
"Noord-Holland","90 jaar of ouder","2015","Male",4957
"Zuid-Holland","20 tot 30 jaar","2015","Male",242183
"Zuid-Holland","30 tot 40 jaar","2015","Male",226853
"Zuid-Holland","40 tot 50 jaar","2015","Male",259201
"Zuid-Holland","50 tot 60 jaar","2015","Male",247769
"Zuid-Holland","60 tot 70 jaar","2015","Male",206063
"Zuid-Holland","70 tot 80 jaar","2015","Male",116688
"Zuid-Holland","80 tot 90 jaar","2015","Male",49103
"Zuid-Holland","90 jaar of ouder","2015","Male",6659
"Zeeland","20 tot 30 jaar","2015","Male",20066
"Zeeland","30 tot 40 jaar","2015","Male",20242
"Zeeland","40 tot 50 jaar","2015","Male",27155
"Zeeland","50 tot 60 jaar","2015","Male",27404
"Zeeland","60 tot 70 jaar","2015","Male",26461
"Zeeland","70 tot 80 jaar","2015","Male",16481
"Zeeland","80 tot 90 jaar","2015","Male",6918
"Zeeland","90 jaar of ouder","2015","Male",1070
"Noord-Brabant","20 tot 30 jaar","2015","Male",155037
"Noord-Brabant","30 tot 40 jaar","2015","Male",145495
"Noord-Brabant","40 tot 50 jaar","2015","Male",184284
"Noord-Brabant","50 tot 60 jaar","2015","Male",185073
"Noord-Brabant","60 tot 70 jaar","2015","Male",157726
"Noord-Brabant","70 tot 80 jaar","2015","Male",93837
"Noord-Brabant","80 tot 90 jaar","2015","Male",35991
"Noord-Brabant","90 jaar of ouder","2015","Male",3833
"Limburg","20 tot 30 jaar","2015","Male",66075
"Limburg","30 tot 40 jaar","2015","Male",58316
"Limburg","40 tot 50 jaar","2015","Male",78589
"Limburg","50 tot 60 jaar","2015","Male",90857
"Limburg","60 tot 70 jaar","2015","Male",80597
"Limburg","70 tot 80 jaar","2015","Male",48813
"Limburg","80 tot 90 jaar","2015","Male",18866
"Limburg","90 jaar of ouder","2015","Male",1923
"Groningen","20 tot 30 jaar","2016","Male",47386
"Groningen","30 tot 40 jaar","2016","Male",33541
"Groningen","40 tot 50 jaar","2016","Male",39563
"Groningen","50 tot 60 jaar","2016","Male",40675
"Groningen","60 tot 70 jaar","2016","Male",37103
"Groningen","70 tot 80 jaar","2016","Male",21157
"Groningen","80 tot 90 jaar","2016","Male",8414
"Groningen","90 jaar of ouder","2016","Male",1125
"Friesland","20 tot 30 jaar","2016","Male",37518
"Friesland","30 tot 40 jaar","2016","Male",35518
"Friesland","40 tot 50 jaar","2016","Male",45921
"Friesland","50 tot 60 jaar","2016","Male",46986
"Friesland","60 tot 70 jaar","2016","Male",42844
"Friesland","70 tot 80 jaar","2016","Male",26669
"Friesland","80 tot 90 jaar","2016","Male",10019
"Friesland","90 jaar of ouder","2016","Male",1348
"Drenthe","20 tot 30 jaar","2016","Male",23408
"Drenthe","30 tot 40 jaar","2016","Male",25120
"Drenthe","40 tot 50 jaar","2016","Male",34732
"Drenthe","50 tot 60 jaar","2016","Male",37467
"Drenthe","60 tot 70 jaar","2016","Male",34512
"Drenthe","70 tot 80 jaar","2016","Male",21049
"Drenthe","80 tot 90 jaar","2016","Male",8743
"Drenthe","90 jaar of ouder","2016","Male",1114
"Overijssel","20 tot 30 jaar","2016","Male",72180
"Overijssel","30 tot 40 jaar","2016","Male",67862
"Overijssel","40 tot 50 jaar","2016","Male",81780
"Overijssel","50 tot 60 jaar","2016","Male",80969
"Overijssel","60 tot 70 jaar","2016","Male",69010
"Overijssel","70 tot 80 jaar","2016","Male",41819
"Overijssel","80 tot 90 jaar","2016","Male",16629
"Overijssel","90 jaar of ouder","2016","Male",1956
"Flevoland","20 tot 30 jaar","2016","Male",26175
"Flevoland","30 tot 40 jaar","2016","Male",25723
"Flevoland","40 tot 50 jaar","2016","Male",29548
"Flevoland","50 tot 60 jaar","2016","Male",29829
"Flevoland","60 tot 70 jaar","2016","Male",21804
"Flevoland","70 tot 80 jaar","2016","Male",9697
"Flevoland","80 tot 90 jaar","2016","Male",3531
"Flevoland","90 jaar of ouder","2016","Male",454
"Gelderland","20 tot 30 jaar","2016","Male",123052
"Gelderland","30 tot 40 jaar","2016","Male",111800
"Gelderland","40 tot 50 jaar","2016","Male",142950
"Gelderland","50 tot 60 jaar","2016","Male",150980
"Gelderland","60 tot 70 jaar","2016","Male",129490
"Gelderland","70 tot 80 jaar","2016","Male",75699
"Gelderland","80 tot 90 jaar","2016","Male",30232
"Gelderland","90 jaar of ouder","2016","Male",3596
"Utrecht","20 tot 30 jaar","2016","Male",83640
"Utrecht","30 tot 40 jaar","2016","Male",80845
"Utrecht","40 tot 50 jaar","2016","Male",91897
"Utrecht","50 tot 60 jaar","2016","Male",86641
"Utrecht","60 tot 70 jaar","2016","Male",69152
"Utrecht","70 tot 80 jaar","2016","Male",38590
"Utrecht","80 tot 90 jaar","2016","Male",15645
"Utrecht","90 jaar of ouder","2016","Male",2155
"Noord-Holland","20 tot 30 jaar","2016","Male",181090
"Noord-Holland","30 tot 40 jaar","2016","Male",181538
"Noord-Holland","40 tot 50 jaar","2016","Male",202584
"Noord-Holland","50 tot 60 jaar","2016","Male",198128
"Noord-Holland","60 tot 70 jaar","2016","Male",162171
"Noord-Holland","70 tot 80 jaar","2016","Male",92539
"Noord-Holland","80 tot 90 jaar","2016","Male",36883
"Noord-Holland","90 jaar of ouder","2016","Male",5016
"Zuid-Holland","20 tot 30 jaar","2016","Male",244579
"Zuid-Holland","30 tot 40 jaar","2016","Male",228433
"Zuid-Holland","40 tot 50 jaar","2016","Male",254442
"Zuid-Holland","50 tot 60 jaar","2016","Male",251120
"Zuid-Holland","60 tot 70 jaar","2016","Male",211279
"Zuid-Holland","70 tot 80 jaar","2016","Male",118748
"Zuid-Holland","80 tot 90 jaar","2016","Male",50412
"Zuid-Holland","90 jaar of ouder","2016","Male",6987
"Zeeland","20 tot 30 jaar","2016","Male",20218
"Zeeland","30 tot 40 jaar","2016","Male",20190
"Zeeland","40 tot 50 jaar","2016","Male",26425
"Zeeland","50 tot 60 jaar","2016","Male",27631
"Zeeland","60 tot 70 jaar","2016","Male",26618
"Zeeland","70 tot 80 jaar","2016","Male",17136
"Zeeland","80 tot 90 jaar","2016","Male",7040
"Zeeland","90 jaar of ouder","2016","Male",1051
"Noord-Brabant","20 tot 30 jaar","2016","Male",156614
"Noord-Brabant","30 tot 40 jaar","2016","Male",146320
"Noord-Brabant","40 tot 50 jaar","2016","Male",178899
"Noord-Brabant","50 tot 60 jaar","2016","Male",187955
"Noord-Brabant","60 tot 70 jaar","2016","Male",159507
"Noord-Brabant","70 tot 80 jaar","2016","Male",97238
"Noord-Brabant","80 tot 90 jaar","2016","Male",37693
"Noord-Brabant","90 jaar of ouder","2016","Male",4053
"Limburg","20 tot 30 jaar","2016","Male",65950
"Limburg","30 tot 40 jaar","2016","Male",58791
"Limburg","40 tot 50 jaar","2016","Male",75226
"Limburg","50 tot 60 jaar","2016","Male",91198
"Limburg","60 tot 70 jaar","2016","Male",81352
"Limburg","70 tot 80 jaar","2016","Male",50476
"Limburg","80 tot 90 jaar","2016","Male",19553
"Limburg","90 jaar of ouder","2016","Male",1978
"Groningen","20 tot 30 jaar","2017","Male",47595
"Groningen","30 tot 40 jaar","2017","Male",33693
"Groningen","40 tot 50 jaar","2017","Male",38461
"Groningen","50 tot 60 jaar","2017","Male",40763
"Groningen","60 tot 70 jaar","2017","Male",36481
"Groningen","70 tot 80 jaar","2017","Male",22947
"Groningen","80 tot 90 jaar","2017","Male",8658
"Groningen","90 jaar of ouder","2017","Male",1167
"Friesland","20 tot 30 jaar","2017","Male",37736
"Friesland","30 tot 40 jaar","2017","Male",35725
"Friesland","40 tot 50 jaar","2017","Male",44626
"Friesland","50 tot 60 jaar","2017","Male",47305
"Friesland","60 tot 70 jaar","2017","Male",42326
"Friesland","70 tot 80 jaar","2017","Male",28552
"Friesland","80 tot 90 jaar","2017","Male",10415
"Friesland","90 jaar of ouder","2017","Male",1377
"Drenthe","20 tot 30 jaar","2017","Male",23529
"Drenthe","30 tot 40 jaar","2017","Male",25413
"Drenthe","40 tot 50 jaar","2017","Male",33852
"Drenthe","50 tot 60 jaar","2017","Male",37670
"Drenthe","60 tot 70 jaar","2017","Male",34219
"Drenthe","70 tot 80 jaar","2017","Male",22581
"Drenthe","80 tot 90 jaar","2017","Male",9008
"Drenthe","90 jaar of ouder","2017","Male",1147
"Overijssel","20 tot 30 jaar","2017","Male",72424
"Overijssel","30 tot 40 jaar","2017","Male",67937
"Overijssel","40 tot 50 jaar","2017","Male",80043
"Overijssel","50 tot 60 jaar","2017","Male",81964
"Overijssel","60 tot 70 jaar","2017","Male",68588
"Overijssel","70 tot 80 jaar","2017","Male",44557
"Overijssel","80 tot 90 jaar","2017","Male",17267
"Overijssel","90 jaar of ouder","2017","Male",2040
"Flevoland","20 tot 30 jaar","2017","Male",26306
"Flevoland","30 tot 40 jaar","2017","Male",26321
"Flevoland","40 tot 50 jaar","2017","Male",28996
"Flevoland","50 tot 60 jaar","2017","Male",30106
"Flevoland","60 tot 70 jaar","2017","Male",22115
"Flevoland","70 tot 80 jaar","2017","Male",10762
"Flevoland","80 tot 90 jaar","2017","Male",3635
"Flevoland","90 jaar of ouder","2017","Male",475
"Gelderland","20 tot 30 jaar","2017","Male",124795
"Gelderland","30 tot 40 jaar","2017","Male",113050
"Gelderland","40 tot 50 jaar","2017","Male",139453
"Gelderland","50 tot 60 jaar","2017","Male",152555
"Gelderland","60 tot 70 jaar","2017","Male",128948
"Gelderland","70 tot 80 jaar","2017","Male",81558
"Gelderland","80 tot 90 jaar","2017","Male",31329
"Gelderland","90 jaar of ouder","2017","Male",3845
"Utrecht","20 tot 30 jaar","2017","Male",84750
"Utrecht","30 tot 40 jaar","2017","Male",81916
"Utrecht","40 tot 50 jaar","2017","Male",90590
"Utrecht","50 tot 60 jaar","2017","Male",87846
"Utrecht","60 tot 70 jaar","2017","Male",68614
"Utrecht","70 tot 80 jaar","2017","Male",41810
"Utrecht","80 tot 90 jaar","2017","Male",16302
"Utrecht","90 jaar of ouder","2017","Male",2252
"Noord-Holland","20 tot 30 jaar","2017","Male",184771
"Noord-Holland","30 tot 40 jaar","2017","Male",184916
"Noord-Holland","40 tot 50 jaar","2017","Male",199074
"Noord-Holland","50 tot 60 jaar","2017","Male",200449
"Noord-Holland","60 tot 70 jaar","2017","Male",160071
"Noord-Holland","70 tot 80 jaar","2017","Male",100300
"Noord-Holland","80 tot 90 jaar","2017","Male",38021
"Noord-Holland","90 jaar of ouder","2017","Male",5226
"Zuid-Holland","20 tot 30 jaar","2017","Male",247365
"Zuid-Holland","30 tot 40 jaar","2017","Male",231354
"Zuid-Holland","40 tot 50 jaar","2017","Male",249820
"Zuid-Holland","50 tot 60 jaar","2017","Male",253757
"Zuid-Holland","60 tot 70 jaar","2017","Male",208025
"Zuid-Holland","70 tot 80 jaar","2017","Male",129751
"Zuid-Holland","80 tot 90 jaar","2017","Male",51609
"Zuid-Holland","90 jaar of ouder","2017","Male",7312
"Zeeland","20 tot 30 jaar","2017","Male",20227
"Zeeland","30 tot 40 jaar","2017","Male",20286
"Zeeland","40 tot 50 jaar","2017","Male",25753
"Zeeland","50 tot 60 jaar","2017","Male",27839
"Zeeland","60 tot 70 jaar","2017","Male",26100
"Zeeland","70 tot 80 jaar","2017","Male",18330
"Zeeland","80 tot 90 jaar","2017","Male",7220
"Zeeland","90 jaar of ouder","2017","Male",1137
"Noord-Brabant","20 tot 30 jaar","2017","Male",158575
"Noord-Brabant","30 tot 40 jaar","2017","Male",148132
"Noord-Brabant","40 tot 50 jaar","2017","Male",174705
"Noord-Brabant","50 tot 60 jaar","2017","Male",189496
"Noord-Brabant","60 tot 70 jaar","2017","Male",159231
"Noord-Brabant","70 tot 80 jaar","2017","Male",102939
"Noord-Brabant","80 tot 90 jaar","2017","Male",39420
"Noord-Brabant","90 jaar of ouder","2017","Male",4295
"Limburg","20 tot 30 jaar","2017","Male",66354
"Limburg","30 tot 40 jaar","2017","Male",59586
"Limburg","40 tot 50 jaar","2017","Male",72279
"Limburg","50 tot 60 jaar","2017","Male",91225
"Limburg","60 tot 70 jaar","2017","Male",81404
"Limburg","70 tot 80 jaar","2017","Male",53053
"Limburg","80 tot 90 jaar","2017","Male",20251
"Limburg","90 jaar of ouder","2017","Male",2171
"Groningen","20 tot 30 jaar","2010","Female",41584
"Groningen","30 tot 40 jaar","2010","Female",35184
"Groningen","40 tot 50 jaar","2010","Female",41528
"Groningen","50 tot 60 jaar","2010","Female",38870
"Groningen","60 tot 70 jaar","2010","Female",32438
"Groningen","70 tot 80 jaar","2010","Female",21125
"Groningen","80 tot 90 jaar","2010","Female",13486
"Groningen","90 jaar of ouder","2010","Female",2777
"Friesland","20 tot 30 jaar","2010","Female",34647
"Friesland","30 tot 40 jaar","2010","Female",38542
"Friesland","40 tot 50 jaar","2010","Female",48135
"Friesland","50 tot 60 jaar","2010","Female",44206
"Friesland","60 tot 70 jaar","2010","Female",38216
"Friesland","70 tot 80 jaar","2010","Female",24719
"Friesland","80 tot 90 jaar","2010","Female",15119
"Friesland","90 jaar of ouder","2010","Female",2982
"Drenthe","20 tot 30 jaar","2010","Female",22032
"Drenthe","30 tot 40 jaar","2010","Female",29214
"Drenthe","40 tot 50 jaar","2010","Female",38274
"Drenthe","50 tot 60 jaar","2010","Female",35675
"Drenthe","60 tot 70 jaar","2010","Female",30943
"Drenthe","70 tot 80 jaar","2010","Female",20840
"Drenthe","80 tot 90 jaar","2010","Female",12220
"Drenthe","90 jaar of ouder","2010","Female",2287
"Overijssel","20 tot 30 jaar","2010","Female",65892
"Overijssel","30 tot 40 jaar","2010","Female",72332
"Overijssel","40 tot 50 jaar","2010","Female",83455
"Overijssel","50 tot 60 jaar","2010","Female",73025
"Overijssel","60 tot 70 jaar","2010","Female",61205
"Overijssel","70 tot 80 jaar","2010","Female",42282
"Overijssel","80 tot 90 jaar","2010","Female",24624
"Overijssel","90 jaar of ouder","2010","Female",4207
"Flevoland","20 tot 30 jaar","2010","Female",24403
"Flevoland","30 tot 40 jaar","2010","Female",28172
"Flevoland","40 tot 50 jaar","2010","Female",32103
"Flevoland","50 tot 60 jaar","2010","Female",25247
"Flevoland","60 tot 70 jaar","2010","Female",15938
"Flevoland","70 tot 80 jaar","2010","Female",8654
"Flevoland","80 tot 90 jaar","2010","Female",4795
"Flevoland","90 jaar of ouder","2010","Female",740
"Gelderland","20 tot 30 jaar","2010","Female",112602
"Gelderland","30 tot 40 jaar","2010","Female",125285
"Gelderland","40 tot 50 jaar","2010","Female",154862
"Gelderland","50 tot 60 jaar","2010","Female",137981
"Gelderland","60 tot 70 jaar","2010","Female",115142
"Gelderland","70 tot 80 jaar","2010","Female",75859
"Gelderland","80 tot 90 jaar","2010","Female",44371
"Gelderland","90 jaar of ouder","2010","Female",7875
"Utrecht","20 tot 30 jaar","2010","Female",85723
"Utrecht","30 tot 40 jaar","2010","Female",87454
"Utrecht","40 tot 50 jaar","2010","Female",94046
"Utrecht","50 tot 60 jaar","2010","Female",78333
"Utrecht","60 tot 70 jaar","2010","Female",61846
"Utrecht","70 tot 80 jaar","2010","Female",39236
"Utrecht","80 tot 90 jaar","2010","Female",24011
"Utrecht","90 jaar of ouder","2010","Female",4901
"Noord-Holland","20 tot 30 jaar","2010","Female",170736
"Noord-Holland","30 tot 40 jaar","2010","Female",191890
"Noord-Holland","40 tot 50 jaar","2010","Female",209927
"Noord-Holland","50 tot 60 jaar","2010","Female",177497
"Noord-Holland","60 tot 70 jaar","2010","Female",145924
"Noord-Holland","70 tot 80 jaar","2010","Female",90969
"Noord-Holland","80 tot 90 jaar","2010","Female",56752
"Noord-Holland","90 jaar of ouder","2010","Female",11427
"Zuid-Holland","20 tot 30 jaar","2010","Female",226253
"Zuid-Holland","30 tot 40 jaar","2010","Female",240108
"Zuid-Holland","40 tot 50 jaar","2010","Female",267124
"Zuid-Holland","50 tot 60 jaar","2010","Female",232532
"Zuid-Holland","60 tot 70 jaar","2010","Female",188010
"Zuid-Holland","70 tot 80 jaar","2010","Female",123156
"Zuid-Holland","80 tot 90 jaar","2010","Female",77925
"Zuid-Holland","90 jaar of ouder","2010","Female",16202
"Zeeland","20 tot 30 jaar","2010","Female",18094
"Zeeland","30 tot 40 jaar","2010","Female",22228
"Zeeland","40 tot 50 jaar","2010","Female",28502
"Zeeland","50 tot 60 jaar","2010","Female",27194
"Zeeland","60 tot 70 jaar","2010","Female",24721
"Zeeland","70 tot 80 jaar","2010","Female",15983
"Zeeland","80 tot 90 jaar","2010","Female",10386
"Zeeland","90 jaar of ouder","2010","Female",2264
"Noord-Brabant","20 tot 30 jaar","2010","Female",136642
"Noord-Brabant","30 tot 40 jaar","2010","Female",154764
"Noord-Brabant","40 tot 50 jaar","2010","Female",192021
"Noord-Brabant","50 tot 60 jaar","2010","Female",168331
"Noord-Brabant","60 tot 70 jaar","2010","Female",140629
"Noord-Brabant","70 tot 80 jaar","2010","Female",93900
"Noord-Brabant","80 tot 90 jaar","2010","Female",50286
"Noord-Brabant","90 jaar of ouder","2010","Female",8066
"Limburg","20 tot 30 jaar","2010","Female",58729
"Limburg","30 tot 40 jaar","2010","Female",63215
"Limburg","40 tot 50 jaar","2010","Female",89482
"Limburg","50 tot 60 jaar","2010","Female",85958
"Limburg","60 tot 70 jaar","2010","Female",70982
"Limburg","70 tot 80 jaar","2010","Female",50321
"Limburg","80 tot 90 jaar","2010","Female",27719
"Limburg","90 jaar of ouder","2010","Female",4316
"Groningen","20 tot 30 jaar","2011","Female",42466
"Groningen","30 tot 40 jaar","2011","Female",34204
"Groningen","40 tot 50 jaar","2011","Female",41666
"Groningen","50 tot 60 jaar","2011","Female",39161
"Groningen","60 tot 70 jaar","2011","Female",33307
"Groningen","70 tot 80 jaar","2011","Female",21202
"Groningen","80 tot 90 jaar","2011","Female",13444
"Groningen","90 jaar of ouder","2011","Female",2986
"Friesland","20 tot 30 jaar","2011","Female",34567
"Friesland","30 tot 40 jaar","2011","Female",37253
"Friesland","40 tot 50 jaar","2011","Female",48261
"Friesland","50 tot 60 jaar","2011","Female",44695
"Friesland","60 tot 70 jaar","2011","Female",39056
"Friesland","70 tot 80 jaar","2011","Female",25131
"Friesland","80 tot 90 jaar","2011","Female",15191
"Friesland","90 jaar of ouder","2011","Female",3175
"Drenthe","20 tot 30 jaar","2011","Female",21996
"Drenthe","30 tot 40 jaar","2011","Female",27935
"Drenthe","40 tot 50 jaar","2011","Female",38434
"Drenthe","50 tot 60 jaar","2011","Female",36013
"Drenthe","60 tot 70 jaar","2011","Female",31645
"Drenthe","70 tot 80 jaar","2011","Female",21142
"Drenthe","80 tot 90 jaar","2011","Female",12345
"Drenthe","90 jaar of ouder","2011","Female",2490
"Overijssel","20 tot 30 jaar","2011","Female",66539
"Overijssel","30 tot 40 jaar","2011","Female",70308
"Overijssel","40 tot 50 jaar","2011","Female",83920
"Overijssel","50 tot 60 jaar","2011","Female",73973
"Overijssel","60 tot 70 jaar","2011","Female",62705
"Overijssel","70 tot 80 jaar","2011","Female",42525
"Overijssel","80 tot 90 jaar","2011","Female",25109
"Overijssel","90 jaar of ouder","2011","Female",4575
"Flevoland","20 tot 30 jaar","2011","Female",24621
"Flevoland","30 tot 40 jaar","2011","Female",27726
"Flevoland","40 tot 50 jaar","2011","Female",32459
"Flevoland","50 tot 60 jaar","2011","Female",26191
"Flevoland","60 tot 70 jaar","2011","Female",16767
"Flevoland","70 tot 80 jaar","2011","Female",8789
"Flevoland","80 tot 90 jaar","2011","Female",4836
"Flevoland","90 jaar of ouder","2011","Female",814
"Gelderland","20 tot 30 jaar","2011","Female",113827
"Gelderland","30 tot 40 jaar","2011","Female",121153
"Gelderland","40 tot 50 jaar","2011","Female",155517
"Gelderland","50 tot 60 jaar","2011","Female",139680
"Gelderland","60 tot 70 jaar","2011","Female",118093
"Gelderland","70 tot 80 jaar","2011","Female",76940
"Gelderland","80 tot 90 jaar","2011","Female",45136
"Gelderland","90 jaar of ouder","2011","Female",8290
"Utrecht","20 tot 30 jaar","2011","Female",86036
"Utrecht","30 tot 40 jaar","2011","Female",85730
"Utrecht","40 tot 50 jaar","2011","Female",95115
"Utrecht","50 tot 60 jaar","2011","Female",79498
"Utrecht","60 tot 70 jaar","2011","Female",63613
"Utrecht","70 tot 80 jaar","2011","Female",39806
"Utrecht","80 tot 90 jaar","2011","Female",24460
"Utrecht","90 jaar of ouder","2011","Female",5075
"Noord-Holland","20 tot 30 jaar","2011","Female",174263
"Noord-Holland","30 tot 40 jaar","2011","Female",188645
"Noord-Holland","40 tot 50 jaar","2011","Female",211555
"Noord-Holland","50 tot 60 jaar","2011","Female",179973
"Noord-Holland","60 tot 70 jaar","2011","Female",149862
"Noord-Holland","70 tot 80 jaar","2011","Female",92670
"Noord-Holland","80 tot 90 jaar","2011","Female",56890
"Noord-Holland","90 jaar of ouder","2011","Female",12201
"Zuid-Holland","20 tot 30 jaar","2011","Female",229161
"Zuid-Holland","30 tot 40 jaar","2011","Female",236589
"Zuid-Holland","40 tot 50 jaar","2011","Female",268833
"Zuid-Holland","50 tot 60 jaar","2011","Female",235539
"Zuid-Holland","60 tot 70 jaar","2011","Female",192674
"Zuid-Holland","70 tot 80 jaar","2011","Female",124352
"Zuid-Holland","80 tot 90 jaar","2011","Female",78731
"Zuid-Holland","90 jaar of ouder","2011","Female",17113
"Zeeland","20 tot 30 jaar","2011","Female",18268
"Zeeland","30 tot 40 jaar","2011","Female",21524
"Zeeland","40 tot 50 jaar","2011","Female",28656
"Zeeland","50 tot 60 jaar","2011","Female",27136
"Zeeland","60 tot 70 jaar","2011","Female",25382
"Zeeland","70 tot 80 jaar","2011","Female",16152
"Zeeland","80 tot 90 jaar","2011","Female",10432
"Zeeland","90 jaar of ouder","2011","Female",2444
"Noord-Brabant","20 tot 30 jaar","2011","Female",137916
"Noord-Brabant","30 tot 40 jaar","2011","Female",150806
"Noord-Brabant","40 tot 50 jaar","2011","Female",192376
"Noord-Brabant","50 tot 60 jaar","2011","Female",169988
"Noord-Brabant","60 tot 70 jaar","2011","Female",144309
"Noord-Brabant","70 tot 80 jaar","2011","Female",95580
"Noord-Brabant","80 tot 90 jaar","2011","Female",51717
"Noord-Brabant","90 jaar of ouder","2011","Female",8740
"Limburg","20 tot 30 jaar","2011","Female",59823
"Limburg","30 tot 40 jaar","2011","Female",60847
"Limburg","40 tot 50 jaar","2011","Female",88459
"Limburg","50 tot 60 jaar","2011","Female",86727
"Limburg","60 tot 70 jaar","2011","Female",72628
"Limburg","70 tot 80 jaar","2011","Female",50900
"Limburg","80 tot 90 jaar","2011","Female",28296
"Limburg","90 jaar of ouder","2011","Female",4744
"Groningen","20 tot 30 jaar","2012","Female",43531
"Groningen","30 tot 40 jaar","2012","Female",33364
"Groningen","40 tot 50 jaar","2012","Female",41489
"Groningen","50 tot 60 jaar","2012","Female",39426
"Groningen","60 tot 70 jaar","2012","Female",34041
"Groningen","70 tot 80 jaar","2012","Female",21439
"Groningen","80 tot 90 jaar","2012","Female",13320
"Groningen","90 jaar of ouder","2012","Female",3155
"Friesland","20 tot 30 jaar","2012","Female",34360
"Friesland","30 tot 40 jaar","2012","Female",36126
"Friesland","40 tot 50 jaar","2012","Female",48096
"Friesland","50 tot 60 jaar","2012","Female",45078
"Friesland","60 tot 70 jaar","2012","Female",40185
"Friesland","70 tot 80 jaar","2012","Female",25425
"Friesland","80 tot 90 jaar","2012","Female",15309
"Friesland","90 jaar of ouder","2012","Female",3316
"Drenthe","20 tot 30 jaar","2012","Female",21849
"Drenthe","30 tot 40 jaar","2012","Female",26802
"Drenthe","40 tot 50 jaar","2012","Female",38120
"Drenthe","50 tot 60 jaar","2012","Female",36578
"Drenthe","60 tot 70 jaar","2012","Female",32315
"Drenthe","70 tot 80 jaar","2012","Female",21312
"Drenthe","80 tot 90 jaar","2012","Female",12476
"Drenthe","90 jaar of ouder","2012","Female",2672
"Overijssel","20 tot 30 jaar","2012","Female",66610
"Overijssel","30 tot 40 jaar","2012","Female",68624
"Overijssel","40 tot 50 jaar","2012","Female",83903
"Overijssel","50 tot 60 jaar","2012","Female",75236
"Overijssel","60 tot 70 jaar","2012","Female",64311
"Overijssel","70 tot 80 jaar","2012","Female",42739
"Overijssel","80 tot 90 jaar","2012","Female",25478
"Overijssel","90 jaar of ouder","2012","Female",4843
"Flevoland","20 tot 30 jaar","2012","Female",25053
"Flevoland","30 tot 40 jaar","2012","Female",27244
"Flevoland","40 tot 50 jaar","2012","Female",32508
"Flevoland","50 tot 60 jaar","2012","Female",27061
"Flevoland","60 tot 70 jaar","2012","Female",17693
"Flevoland","70 tot 80 jaar","2012","Female",8885
"Flevoland","80 tot 90 jaar","2012","Female",4927
"Flevoland","90 jaar of ouder","2012","Female",913
"Gelderland","20 tot 30 jaar","2012","Female",115157
"Gelderland","30 tot 40 jaar","2012","Female",117424
"Gelderland","40 tot 50 jaar","2012","Female",155111
"Gelderland","50 tot 60 jaar","2012","Female",141633
"Gelderland","60 tot 70 jaar","2012","Female",121435
"Gelderland","70 tot 80 jaar","2012","Female",77847
"Gelderland","80 tot 90 jaar","2012","Female",45779
"Gelderland","90 jaar of ouder","2012","Female",8942
"Utrecht","20 tot 30 jaar","2012","Female",86480
"Utrecht","30 tot 40 jaar","2012","Female",84150
"Utrecht","40 tot 50 jaar","2012","Female",95605
"Utrecht","50 tot 60 jaar","2012","Female",81103
"Utrecht","60 tot 70 jaar","2012","Female",65426
"Utrecht","70 tot 80 jaar","2012","Female",40444
"Utrecht","80 tot 90 jaar","2012","Female",24525
"Utrecht","90 jaar of ouder","2012","Female",5394
"Noord-Holland","20 tot 30 jaar","2012","Female",177077
"Noord-Holland","30 tot 40 jaar","2012","Female",185824
"Noord-Holland","40 tot 50 jaar","2012","Female",212028
"Noord-Holland","50 tot 60 jaar","2012","Female",183045
"Noord-Holland","60 tot 70 jaar","2012","Female",153785
"Noord-Holland","70 tot 80 jaar","2012","Female",93755
"Noord-Holland","80 tot 90 jaar","2012","Female",57150
"Noord-Holland","90 jaar of ouder","2012","Female",12826
"Zuid-Holland","20 tot 30 jaar","2012","Female",232101
"Zuid-Holland","30 tot 40 jaar","2012","Female",233681
"Zuid-Holland","40 tot 50 jaar","2012","Female",269369
"Zuid-Holland","50 tot 60 jaar","2012","Female",239380
"Zuid-Holland","60 tot 70 jaar","2012","Female",197787
"Zuid-Holland","70 tot 80 jaar","2012","Female",125318
"Zuid-Holland","80 tot 90 jaar","2012","Female",79081
"Zuid-Holland","90 jaar of ouder","2012","Female",18100
"Zeeland","20 tot 30 jaar","2012","Female",18339
"Zeeland","30 tot 40 jaar","2012","Female",20811
"Zeeland","40 tot 50 jaar","2012","Female",28518
"Zeeland","50 tot 60 jaar","2012","Female",27335
"Zeeland","60 tot 70 jaar","2012","Female",25947
"Zeeland","70 tot 80 jaar","2012","Female",16354
"Zeeland","80 tot 90 jaar","2012","Female",10410
"Zeeland","90 jaar of ouder","2012","Female",2587
"Noord-Brabant","20 tot 30 jaar","2012","Female",139090
"Noord-Brabant","30 tot 40 jaar","2012","Female",147663
"Noord-Brabant","40 tot 50 jaar","2012","Female",191093
"Noord-Brabant","50 tot 60 jaar","2012","Female",172881
"Noord-Brabant","60 tot 70 jaar","2012","Female",147917
"Noord-Brabant","70 tot 80 jaar","2012","Female",96816
"Noord-Brabant","80 tot 90 jaar","2012","Female",53136
"Noord-Brabant","90 jaar of ouder","2012","Female",9369
"Limburg","20 tot 30 jaar","2012","Female",61190
"Limburg","30 tot 40 jaar","2012","Female",59193
"Limburg","40 tot 50 jaar","2012","Female",86559
"Limburg","50 tot 60 jaar","2012","Female",87790
"Limburg","60 tot 70 jaar","2012","Female",74386
"Limburg","70 tot 80 jaar","2012","Female",51341
"Limburg","80 tot 90 jaar","2012","Female",28931
"Limburg","90 jaar of ouder","2012","Female",5141
"Groningen","20 tot 30 jaar","2013","Female",43987
"Groningen","30 tot 40 jaar","2013","Female",32533
"Groningen","40 tot 50 jaar","2013","Female",40993
"Groningen","50 tot 60 jaar","2013","Female",39638
"Groningen","60 tot 70 jaar","2013","Female",34915
"Groningen","70 tot 80 jaar","2013","Female",21796
"Groningen","80 tot 90 jaar","2013","Female",13350
"Groningen","90 jaar of ouder","2013","Female",3206
"Friesland","20 tot 30 jaar","2013","Female",34167
"Friesland","30 tot 40 jaar","2013","Female",35136
"Friesland","40 tot 50 jaar","2013","Female",47756
"Friesland","50 tot 60 jaar","2013","Female",45419
"Friesland","60 tot 70 jaar","2013","Female",41070
"Friesland","70 tot 80 jaar","2013","Female",25911
"Friesland","80 tot 90 jaar","2013","Female",15427
"Friesland","90 jaar of ouder","2013","Female",3388
"Drenthe","20 tot 30 jaar","2013","Female",21830
"Drenthe","30 tot 40 jaar","2013","Female",25833
"Drenthe","40 tot 50 jaar","2013","Female",37857
"Drenthe","50 tot 60 jaar","2013","Female",36706
"Drenthe","60 tot 70 jaar","2013","Female",32989
"Drenthe","70 tot 80 jaar","2013","Female",21707
"Drenthe","80 tot 90 jaar","2013","Female",12644
"Drenthe","90 jaar of ouder","2013","Female",2732
"Overijssel","20 tot 30 jaar","2013","Female",66615
"Overijssel","30 tot 40 jaar","2013","Female",67029
"Overijssel","40 tot 50 jaar","2013","Female",83548
"Overijssel","50 tot 60 jaar","2013","Female",76191
"Overijssel","60 tot 70 jaar","2013","Female",65791
"Overijssel","70 tot 80 jaar","2013","Female",43281
"Overijssel","80 tot 90 jaar","2013","Female",25961
"Overijssel","90 jaar of ouder","2013","Female",5050
"Flevoland","20 tot 30 jaar","2013","Female",25149
"Flevoland","30 tot 40 jaar","2013","Female",26872
"Flevoland","40 tot 50 jaar","2013","Female",32297
"Flevoland","50 tot 60 jaar","2013","Female",27945
"Flevoland","60 tot 70 jaar","2013","Female",18586
"Flevoland","70 tot 80 jaar","2013","Female",9070
"Flevoland","80 tot 90 jaar","2013","Female",5024
"Flevoland","90 jaar of ouder","2013","Female",967
"Gelderland","20 tot 30 jaar","2013","Female",116533
"Gelderland","30 tot 40 jaar","2013","Female",114381
"Gelderland","40 tot 50 jaar","2013","Female",153878
"Gelderland","50 tot 60 jaar","2013","Female",143489
"Gelderland","60 tot 70 jaar","2013","Female",124534
"Gelderland","70 tot 80 jaar","2013","Female",78917
"Gelderland","80 tot 90 jaar","2013","Female",46514
"Gelderland","90 jaar of ouder","2013","Female",9388
"Utrecht","20 tot 30 jaar","2013","Female",87007
"Utrecht","30 tot 40 jaar","2013","Female",82853
"Utrecht","40 tot 50 jaar","2013","Female",95743
"Utrecht","50 tot 60 jaar","2013","Female",82557
"Utrecht","60 tot 70 jaar","2013","Female",67302
"Utrecht","70 tot 80 jaar","2013","Female",41140
"Utrecht","80 tot 90 jaar","2013","Female",24820
"Utrecht","90 jaar of ouder","2013","Female",5615
"Noord-Holland","20 tot 30 jaar","2013","Female",179665
"Noord-Holland","30 tot 40 jaar","2013","Female",183278
"Noord-Holland","40 tot 50 jaar","2013","Female",211336
"Noord-Holland","50 tot 60 jaar","2013","Female",185914
"Noord-Holland","60 tot 70 jaar","2013","Female",157771
"Noord-Holland","70 tot 80 jaar","2013","Female",95132
"Noord-Holland","80 tot 90 jaar","2013","Female",57308
"Noord-Holland","90 jaar of ouder","2013","Female",13253
"Zuid-Holland","20 tot 30 jaar","2013","Female",233693
"Zuid-Holland","30 tot 40 jaar","2013","Female",230329
"Zuid-Holland","40 tot 50 jaar","2013","Female",267949
"Zuid-Holland","50 tot 60 jaar","2013","Female",242660
"Zuid-Holland","60 tot 70 jaar","2013","Female",203317
"Zuid-Holland","70 tot 80 jaar","2013","Female",126518
"Zuid-Holland","80 tot 90 jaar","2013","Female",79441
"Zuid-Holland","90 jaar of ouder","2013","Female",18701
"Zeeland","20 tot 30 jaar","2013","Female",18444
"Zeeland","30 tot 40 jaar","2013","Female",20396
"Zeeland","40 tot 50 jaar","2013","Female",28269
"Zeeland","50 tot 60 jaar","2013","Female",27496
"Zeeland","60 tot 70 jaar","2013","Female",26374
"Zeeland","70 tot 80 jaar","2013","Female",16625
"Zeeland","80 tot 90 jaar","2013","Female",10452
"Zeeland","90 jaar of ouder","2013","Female",2686
"Noord-Brabant","20 tot 30 jaar","2013","Female",141016
"Noord-Brabant","30 tot 40 jaar","2013","Female",144285
"Noord-Brabant","40 tot 50 jaar","2013","Female",189290
"Noord-Brabant","50 tot 60 jaar","2013","Female",175497
"Noord-Brabant","60 tot 70 jaar","2013","Female",151456
"Noord-Brabant","70 tot 80 jaar","2013","Female",98037
"Noord-Brabant","80 tot 90 jaar","2013","Female",54560
"Noord-Brabant","90 jaar of ouder","2013","Female",9922
"Limburg","20 tot 30 jaar","2013","Female",62128
"Limburg","30 tot 40 jaar","2013","Female",57758
"Limburg","40 tot 50 jaar","2013","Female",84238
"Limburg","50 tot 60 jaar","2013","Female",88428
"Limburg","60 tot 70 jaar","2013","Female",76039
"Limburg","70 tot 80 jaar","2013","Female",52134
"Limburg","80 tot 90 jaar","2013","Female",29475
"Limburg","90 jaar of ouder","2013","Female",5434
"Groningen","20 tot 30 jaar","2014","Female",44905
"Groningen","30 tot 40 jaar","2014","Female",31886
"Groningen","40 tot 50 jaar","2014","Female",40106
"Groningen","50 tot 60 jaar","2014","Female",39964
"Groningen","60 tot 70 jaar","2014","Female",35557
"Groningen","70 tot 80 jaar","2014","Female",22274
"Groningen","80 tot 90 jaar","2014","Female",13254
"Groningen","90 jaar of ouder","2014","Female",3340
"Friesland","20 tot 30 jaar","2014","Female",34158
"Friesland","30 tot 40 jaar","2014","Female",34446
"Friesland","40 tot 50 jaar","2014","Female",46911
"Friesland","50 tot 60 jaar","2014","Female",45933
"Friesland","60 tot 70 jaar","2014","Female",41466
"Friesland","70 tot 80 jaar","2014","Female",26868
"Friesland","80 tot 90 jaar","2014","Female",15432
"Friesland","90 jaar of ouder","2014","Female",3517
"Drenthe","20 tot 30 jaar","2014","Female",21789
"Drenthe","30 tot 40 jaar","2014","Female",25217
"Drenthe","40 tot 50 jaar","2014","Female",37099
"Drenthe","50 tot 60 jaar","2014","Female",37087
"Drenthe","60 tot 70 jaar","2014","Female",33542
"Drenthe","70 tot 80 jaar","2014","Female",22309
"Drenthe","80 tot 90 jaar","2014","Female",12782
"Drenthe","90 jaar of ouder","2014","Female",2823
"Overijssel","20 tot 30 jaar","2014","Female",66332
"Overijssel","30 tot 40 jaar","2014","Female",66034
"Overijssel","40 tot 50 jaar","2014","Female",82591
"Overijssel","50 tot 60 jaar","2014","Female",77150
"Overijssel","60 tot 70 jaar","2014","Female",66715
"Overijssel","70 tot 80 jaar","2014","Female",44244
"Overijssel","80 tot 90 jaar","2014","Female",26228
"Overijssel","90 jaar of ouder","2014","Female",5284
"Flevoland","20 tot 30 jaar","2014","Female",24945
"Flevoland","30 tot 40 jaar","2014","Female",26684
"Flevoland","40 tot 50 jaar","2014","Female",31887
"Flevoland","50 tot 60 jaar","2014","Female",28616
"Flevoland","60 tot 70 jaar","2014","Female",19458
"Flevoland","70 tot 80 jaar","2014","Female",9452
"Flevoland","80 tot 90 jaar","2014","Female",5084
"Flevoland","90 jaar of ouder","2014","Female",1023
"Gelderland","20 tot 30 jaar","2014","Female",117331
"Gelderland","30 tot 40 jaar","2014","Female",112227
"Gelderland","40 tot 50 jaar","2014","Female",151226
"Gelderland","50 tot 60 jaar","2014","Female",145508
"Gelderland","60 tot 70 jaar","2014","Female",127077
"Gelderland","70 tot 80 jaar","2014","Female",80918
"Gelderland","80 tot 90 jaar","2014","Female",46726
"Gelderland","90 jaar of ouder","2014","Female",9937
"Utrecht","20 tot 30 jaar","2014","Female",87653
"Utrecht","30 tot 40 jaar","2014","Female",82110
"Utrecht","40 tot 50 jaar","2014","Female",95232
"Utrecht","50 tot 60 jaar","2014","Female",83952
"Utrecht","60 tot 70 jaar","2014","Female",68912
"Utrecht","70 tot 80 jaar","2014","Female",42347
"Utrecht","80 tot 90 jaar","2014","Female",24961
"Utrecht","90 jaar of ouder","2014","Female",5828
"Noord-Holland","20 tot 30 jaar","2014","Female",182699
"Noord-Holland","30 tot 40 jaar","2014","Female",182193
"Noord-Holland","40 tot 50 jaar","2014","Female",209081
"Noord-Holland","50 tot 60 jaar","2014","Female",189331
"Noord-Holland","60 tot 70 jaar","2014","Female",160691
"Noord-Holland","70 tot 80 jaar","2014","Female",98032
"Noord-Holland","80 tot 90 jaar","2014","Female",57262
"Noord-Holland","90 jaar of ouder","2014","Female",13709
"Zuid-Holland","20 tot 30 jaar","2014","Female",234526
"Zuid-Holland","30 tot 40 jaar","2014","Female",229419
"Zuid-Holland","40 tot 50 jaar","2014","Female",264245
"Zuid-Holland","50 tot 60 jaar","2014","Female",246657
"Zuid-Holland","60 tot 70 jaar","2014","Female",207517
"Zuid-Holland","70 tot 80 jaar","2014","Female",129397
"Zuid-Holland","80 tot 90 jaar","2014","Female",79237
"Zuid-Holland","90 jaar of ouder","2014","Female",19245
"Zeeland","20 tot 30 jaar","2014","Female",18737
"Zeeland","30 tot 40 jaar","2014","Female",19877
"Zeeland","40 tot 50 jaar","2014","Female",27744
"Zeeland","50 tot 60 jaar","2014","Female",27729
"Zeeland","60 tot 70 jaar","2014","Female",26655
"Zeeland","70 tot 80 jaar","2014","Female",17133
"Zeeland","80 tot 90 jaar","2014","Female",10403
"Zeeland","90 jaar of ouder","2014","Female",2794
"Noord-Brabant","20 tot 30 jaar","2014","Female",142990
"Noord-Brabant","30 tot 40 jaar","2014","Female",142173
"Noord-Brabant","40 tot 50 jaar","2014","Female",185991
"Noord-Brabant","50 tot 60 jaar","2014","Female",178536
"Noord-Brabant","60 tot 70 jaar","2014","Female",153705
"Noord-Brabant","70 tot 80 jaar","2014","Female",100245
"Noord-Brabant","80 tot 90 jaar","2014","Female",55705
"Noord-Brabant","90 jaar of ouder","2014","Female",10652
"Limburg","20 tot 30 jaar","2014","Female",62823
"Limburg","30 tot 40 jaar","2014","Female",56815
"Limburg","40 tot 50 jaar","2014","Female",81424
"Limburg","50 tot 60 jaar","2014","Female",89017
"Limburg","60 tot 70 jaar","2014","Female",77635
"Limburg","70 tot 80 jaar","2014","Female",52824
"Limburg","80 tot 90 jaar","2014","Female",30041
"Limburg","90 jaar of ouder","2014","Female",5762
"Groningen","20 tot 30 jaar","2015","Female",45311
"Groningen","30 tot 40 jaar","2015","Female",31469
"Groningen","40 tot 50 jaar","2015","Female",39176
"Groningen","50 tot 60 jaar","2015","Female",40389
"Groningen","60 tot 70 jaar","2015","Female",35900
"Groningen","70 tot 80 jaar","2015","Female",22869
"Groningen","80 tot 90 jaar","2015","Female",13308
"Groningen","90 jaar of ouder","2015","Female",3422
"Friesland","20 tot 30 jaar","2015","Female",33999
"Friesland","30 tot 40 jaar","2015","Female",34077
"Friesland","40 tot 50 jaar","2015","Female",45728
"Friesland","50 tot 60 jaar","2015","Female",46329
"Friesland","60 tot 70 jaar","2015","Female",41829
"Friesland","70 tot 80 jaar","2015","Female",27856
"Friesland","80 tot 90 jaar","2015","Female",15610
"Friesland","90 jaar of ouder","2015","Female",3669
"Drenthe","20 tot 30 jaar","2015","Female",21589
"Drenthe","30 tot 40 jaar","2015","Female",24855
"Drenthe","40 tot 50 jaar","2015","Female",36138
"Drenthe","50 tot 60 jaar","2015","Female",37369
"Drenthe","60 tot 70 jaar","2015","Female",34147
"Drenthe","70 tot 80 jaar","2015","Female",22788
"Drenthe","80 tot 90 jaar","2015","Female",13001
"Drenthe","90 jaar of ouder","2015","Female",2974
"Overijssel","20 tot 30 jaar","2015","Female",66501
"Overijssel","30 tot 40 jaar","2015","Female",65200
"Overijssel","40 tot 50 jaar","2015","Female",81102
"Overijssel","50 tot 60 jaar","2015","Female",78399
"Overijssel","60 tot 70 jaar","2015","Female",67522
"Overijssel","70 tot 80 jaar","2015","Female",45274
"Overijssel","80 tot 90 jaar","2015","Female",26490
"Overijssel","90 jaar of ouder","2015","Female",5508
"Flevoland","20 tot 30 jaar","2015","Female",24823
"Flevoland","30 tot 40 jaar","2015","Female",26659
"Flevoland","40 tot 50 jaar","2015","Female",31270
"Flevoland","50 tot 60 jaar","2015","Female",29207
"Flevoland","60 tot 70 jaar","2015","Female",20214
"Flevoland","70 tot 80 jaar","2015","Female",9964
"Flevoland","80 tot 90 jaar","2015","Female",5142
"Flevoland","90 jaar of ouder","2015","Female",1077
"Gelderland","20 tot 30 jaar","2015","Female",118539
"Gelderland","30 tot 40 jaar","2015","Female",111513
"Gelderland","40 tot 50 jaar","2015","Female",147740
"Gelderland","50 tot 60 jaar","2015","Female",147543
"Gelderland","60 tot 70 jaar","2015","Female",129253
"Gelderland","70 tot 80 jaar","2015","Female",83115
"Gelderland","80 tot 90 jaar","2015","Female",47649
"Gelderland","90 jaar of ouder","2015","Female",10318
"Utrecht","20 tot 30 jaar","2015","Female",88770
"Utrecht","30 tot 40 jaar","2015","Female",81895
"Utrecht","40 tot 50 jaar","2015","Female",94131
"Utrecht","50 tot 60 jaar","2015","Female",85629
"Utrecht","60 tot 70 jaar","2015","Female",70108
"Utrecht","70 tot 80 jaar","2015","Female",43821
"Utrecht","80 tot 90 jaar","2015","Female",25117
"Utrecht","90 jaar of ouder","2015","Female",6086
"Noord-Holland","20 tot 30 jaar","2015","Female",185969
"Noord-Holland","30 tot 40 jaar","2015","Female",182439
"Noord-Holland","40 tot 50 jaar","2015","Female",205833
"Noord-Holland","50 tot 60 jaar","2015","Female",193216
"Noord-Holland","60 tot 70 jaar","2015","Female",162793
"Noord-Holland","70 tot 80 jaar","2015","Female",101538
"Noord-Holland","80 tot 90 jaar","2015","Female",57472
"Noord-Holland","90 jaar of ouder","2015","Female",14142
"Zuid-Holland","20 tot 30 jaar","2015","Female",236519
"Zuid-Holland","30 tot 40 jaar","2015","Female",230357
"Zuid-Holland","40 tot 50 jaar","2015","Female",260165
"Zuid-Holland","50 tot 60 jaar","2015","Female",250537
"Zuid-Holland","60 tot 70 jaar","2015","Female",211094
"Zuid-Holland","70 tot 80 jaar","2015","Female",133392
"Zuid-Holland","80 tot 90 jaar","2015","Female",79341
"Zuid-Holland","90 jaar of ouder","2015","Female",19844
"Zeeland","20 tot 30 jaar","2015","Female",18830
"Zeeland","30 tot 40 jaar","2015","Female",19645
"Zeeland","40 tot 50 jaar","2015","Female",27167
"Zeeland","50 tot 60 jaar","2015","Female",27820
"Zeeland","60 tot 70 jaar","2015","Female",26856
"Zeeland","70 tot 80 jaar","2015","Female",17809
"Zeeland","80 tot 90 jaar","2015","Female",10469
"Zeeland","90 jaar of ouder","2015","Female",2935
"Noord-Brabant","20 tot 30 jaar","2015","Female",144277
"Noord-Brabant","30 tot 40 jaar","2015","Female",141529
"Noord-Brabant","40 tot 50 jaar","2015","Female",181957
"Noord-Brabant","50 tot 60 jaar","2015","Female",181585
"Noord-Brabant","60 tot 70 jaar","2015","Female",155986
"Noord-Brabant","70 tot 80 jaar","2015","Female",102772
"Noord-Brabant","80 tot 90 jaar","2015","Female",57080
"Noord-Brabant","90 jaar of ouder","2015","Female",11157
"Limburg","20 tot 30 jaar","2015","Female",62857
"Limburg","30 tot 40 jaar","2015","Female",56457
"Limburg","40 tot 50 jaar","2015","Female",78238
"Limburg","50 tot 60 jaar","2015","Female",89832
"Limburg","60 tot 70 jaar","2015","Female",78879
"Limburg","70 tot 80 jaar","2015","Female",53633
"Limburg","80 tot 90 jaar","2015","Female",30593
"Limburg","90 jaar of ouder","2015","Female",6148
"Groningen","20 tot 30 jaar","2016","Female",45703
"Groningen","30 tot 40 jaar","2016","Female",31374
"Groningen","40 tot 50 jaar","2016","Female",38135
"Groningen","50 tot 60 jaar","2016","Female",40475
"Groningen","60 tot 70 jaar","2016","Female",36340
"Groningen","70 tot 80 jaar","2016","Female",23461
"Groningen","80 tot 90 jaar","2016","Female",13351
"Groningen","90 jaar of ouder","2016","Female",3417
"Friesland","20 tot 30 jaar","2016","Female",34125
"Friesland","30 tot 40 jaar","2016","Female",33843
"Friesland","40 tot 50 jaar","2016","Female",44565
"Friesland","50 tot 60 jaar","2016","Female",46712
"Friesland","60 tot 70 jaar","2016","Female",42318
"Friesland","70 tot 80 jaar","2016","Female",28675
"Friesland","80 tot 90 jaar","2016","Female",15744
"Friesland","90 jaar of ouder","2016","Female",3746
"Drenthe","20 tot 30 jaar","2016","Female",21478
"Drenthe","30 tot 40 jaar","2016","Female",24859
"Drenthe","40 tot 50 jaar","2016","Female",35070
"Drenthe","50 tot 60 jaar","2016","Female",37734
"Drenthe","60 tot 70 jaar","2016","Female",34632
"Drenthe","70 tot 80 jaar","2016","Female",23286
"Drenthe","80 tot 90 jaar","2016","Female",13172
"Drenthe","90 jaar of ouder","2016","Female",3013
"Overijssel","20 tot 30 jaar","2016","Female",66401
"Overijssel","30 tot 40 jaar","2016","Female",65218
"Overijssel","40 tot 50 jaar","2016","Female",79378
"Overijssel","50 tot 60 jaar","2016","Female",79393
"Overijssel","60 tot 70 jaar","2016","Female",68752
"Overijssel","70 tot 80 jaar","2016","Female",46248
"Overijssel","80 tot 90 jaar","2016","Female",26642
"Overijssel","90 jaar of ouder","2016","Female",5644
"Flevoland","20 tot 30 jaar","2016","Female",24785
"Flevoland","30 tot 40 jaar","2016","Female",26694
"Flevoland","40 tot 50 jaar","2016","Female",30562
"Flevoland","50 tot 60 jaar","2016","Female",29733
"Flevoland","60 tot 70 jaar","2016","Female",21262
"Flevoland","70 tot 80 jaar","2016","Female",10353
"Flevoland","80 tot 90 jaar","2016","Female",5178
"Flevoland","90 jaar of ouder","2016","Female",1098
"Gelderland","20 tot 30 jaar","2016","Female",119698
"Gelderland","30 tot 40 jaar","2016","Female",111439
"Gelderland","40 tot 50 jaar","2016","Female",144290
"Gelderland","50 tot 60 jaar","2016","Female",149232
"Gelderland","60 tot 70 jaar","2016","Female",131935
"Gelderland","70 tot 80 jaar","2016","Female",84895
"Gelderland","80 tot 90 jaar","2016","Female",48201
"Gelderland","90 jaar of ouder","2016","Female",10648
"Utrecht","20 tot 30 jaar","2016","Female",89366
"Utrecht","30 tot 40 jaar","2016","Female",82412
"Utrecht","40 tot 50 jaar","2016","Female",92924
"Utrecht","50 tot 60 jaar","2016","Female",86994
"Utrecht","60 tot 70 jaar","2016","Female",71895
"Utrecht","70 tot 80 jaar","2016","Female",44710
"Utrecht","80 tot 90 jaar","2016","Female",25258
"Utrecht","90 jaar of ouder","2016","Female",6274
"Noord-Holland","20 tot 30 jaar","2016","Female",188762
"Noord-Holland","30 tot 40 jaar","2016","Female",184357
"Noord-Holland","40 tot 50 jaar","2016","Female",202885
"Noord-Holland","50 tot 60 jaar","2016","Female",195758
"Noord-Holland","60 tot 70 jaar","2016","Female",166513
"Noord-Holland","70 tot 80 jaar","2016","Female",103488
"Noord-Holland","80 tot 90 jaar","2016","Female",57818
"Noord-Holland","90 jaar of ouder","2016","Female",14116
"Zuid-Holland","20 tot 30 jaar","2016","Female",237917
"Zuid-Holland","30 tot 40 jaar","2016","Female",232255
"Zuid-Holland","40 tot 50 jaar","2016","Female",256068
"Zuid-Holland","50 tot 60 jaar","2016","Female",253397
"Zuid-Holland","60 tot 70 jaar","2016","Female",217102
"Zuid-Holland","70 tot 80 jaar","2016","Female",134815
"Zuid-Holland","80 tot 90 jaar","2016","Female",79492
"Zuid-Holland","90 jaar of ouder","2016","Female",19991
"Zeeland","20 tot 30 jaar","2016","Female",18880
"Zeeland","30 tot 40 jaar","2016","Female",19630
"Zeeland","40 tot 50 jaar","2016","Female",26489
"Zeeland","50 tot 60 jaar","2016","Female",27940
"Zeeland","60 tot 70 jaar","2016","Female",27094
"Zeeland","70 tot 80 jaar","2016","Female",18340
"Zeeland","80 tot 90 jaar","2016","Female",10518
"Zeeland","90 jaar of ouder","2016","Female",2905
"Noord-Brabant","20 tot 30 jaar","2016","Female",144973
"Noord-Brabant","30 tot 40 jaar","2016","Female",142452
"Noord-Brabant","40 tot 50 jaar","2016","Female",177321
"Noord-Brabant","50 tot 60 jaar","2016","Female",183930
"Noord-Brabant","60 tot 70 jaar","2016","Female",157884
"Noord-Brabant","70 tot 80 jaar","2016","Female",105723
"Noord-Brabant","80 tot 90 jaar","2016","Female",58134
"Noord-Brabant","90 jaar of ouder","2016","Female",11508
"Limburg","20 tot 30 jaar","2016","Female",63050
"Limburg","30 tot 40 jaar","2016","Female",56540
"Limburg","40 tot 50 jaar","2016","Female",75072
"Limburg","50 tot 60 jaar","2016","Female",90256
"Limburg","60 tot 70 jaar","2016","Female",79886
"Limburg","70 tot 80 jaar","2016","Female",55046
"Limburg","80 tot 90 jaar","2016","Female",30934
"Limburg","90 jaar of ouder","2016","Female",6319
"Groningen","20 tot 30 jaar","2017","Female",45673
"Groningen","30 tot 40 jaar","2017","Female",31435
"Groningen","40 tot 50 jaar","2017","Female",37162
"Groningen","50 tot 60 jaar","2017","Female",40533
"Groningen","60 tot 70 jaar","2017","Female",36001
"Groningen","70 tot 80 jaar","2017","Female",24853
"Groningen","80 tot 90 jaar","2017","Female",13347
"Groningen","90 jaar of ouder","2017","Female",3459
"Friesland","20 tot 30 jaar","2017","Female",34156
"Friesland","30 tot 40 jaar","2017","Female",33895
"Friesland","40 tot 50 jaar","2017","Female",43385
"Friesland","50 tot 60 jaar","2017","Female",46954
"Friesland","60 tot 70 jaar","2017","Female",41942
"Friesland","70 tot 80 jaar","2017","Female",30328
"Friesland","80 tot 90 jaar","2017","Female",15939
"Friesland","90 jaar of ouder","2017","Female",3786
"Drenthe","20 tot 30 jaar","2017","Female",21642
"Drenthe","30 tot 40 jaar","2017","Female",25249
"Drenthe","40 tot 50 jaar","2017","Female",34317
"Drenthe","50 tot 60 jaar","2017","Female",37967
"Drenthe","60 tot 70 jaar","2017","Female",34374
"Drenthe","70 tot 80 jaar","2017","Female",24556
"Drenthe","80 tot 90 jaar","2017","Female",13369
"Drenthe","90 jaar of ouder","2017","Female",3048
"Overijssel","20 tot 30 jaar","2017","Female",66170
"Overijssel","30 tot 40 jaar","2017","Female",65472
"Overijssel","40 tot 50 jaar","2017","Female",77778
"Overijssel","50 tot 60 jaar","2017","Female",80017
"Overijssel","60 tot 70 jaar","2017","Female",68527
"Overijssel","70 tot 80 jaar","2017","Female",48698
"Overijssel","80 tot 90 jaar","2017","Female",26946
"Overijssel","90 jaar of ouder","2017","Female",5801
"Flevoland","20 tot 30 jaar","2017","Female",24880
"Flevoland","30 tot 40 jaar","2017","Female",26886
"Flevoland","40 tot 50 jaar","2017","Female",30052
"Flevoland","50 tot 60 jaar","2017","Female",30089
"Flevoland","60 tot 70 jaar","2017","Female",21760
"Flevoland","70 tot 80 jaar","2017","Female",11443
"Flevoland","80 tot 90 jaar","2017","Female",5245
"Flevoland","90 jaar of ouder","2017","Female",1100
"Gelderland","20 tot 30 jaar","2017","Female",120781
"Gelderland","30 tot 40 jaar","2017","Female",112287
"Gelderland","40 tot 50 jaar","2017","Female",140892
"Gelderland","50 tot 60 jaar","2017","Female",150912
"Gelderland","60 tot 70 jaar","2017","Female",131154
"Gelderland","70 tot 80 jaar","2017","Female",90514
"Gelderland","80 tot 90 jaar","2017","Female",48806
"Gelderland","90 jaar of ouder","2017","Female",10859
"Utrecht","20 tot 30 jaar","2017","Female",89724
"Utrecht","30 tot 40 jaar","2017","Female",83649
"Utrecht","40 tot 50 jaar","2017","Female",91759
"Utrecht","50 tot 60 jaar","2017","Female",88079
"Utrecht","60 tot 70 jaar","2017","Female",71259
"Utrecht","70 tot 80 jaar","2017","Female",47974
"Utrecht","80 tot 90 jaar","2017","Female",25593
"Utrecht","90 jaar of ouder","2017","Female",6289
"Noord-Holland","20 tot 30 jaar","2017","Female",190662
"Noord-Holland","30 tot 40 jaar","2017","Female",187289
"Noord-Holland","40 tot 50 jaar","2017","Female",199825
"Noord-Holland","50 tot 60 jaar","2017","Female",198032
"Noord-Holland","60 tot 70 jaar","2017","Female",164359
"Noord-Holland","70 tot 80 jaar","2017","Female",111558
"Noord-Holland","80 tot 90 jaar","2017","Female",58026
"Noord-Holland","90 jaar of ouder","2017","Female",14130
"Zuid-Holland","20 tot 30 jaar","2017","Female",240002
"Zuid-Holland","30 tot 40 jaar","2017","Female",235211
"Zuid-Holland","40 tot 50 jaar","2017","Female",252679
"Zuid-Holland","50 tot 60 jaar","2017","Female",255351
"Zuid-Holland","60 tot 70 jaar","2017","Female",214028
"Zuid-Holland","70 tot 80 jaar","2017","Female",145268
"Zuid-Holland","80 tot 90 jaar","2017","Female",80034
"Zuid-Holland","90 jaar of ouder","2017","Female",20057
"Zeeland","20 tot 30 jaar","2017","Female",18872
"Zeeland","30 tot 40 jaar","2017","Female",19742
"Zeeland","40 tot 50 jaar","2017","Female",25873
"Zeeland","50 tot 60 jaar","2017","Female",28018
"Zeeland","60 tot 70 jaar","2017","Female",26677
"Zeeland","70 tot 80 jaar","2017","Female",19498
"Zeeland","80 tot 90 jaar","2017","Female",10591
"Zeeland","90 jaar of ouder","2017","Female",2923
"Noord-Brabant","20 tot 30 jaar","2017","Female",146131
"Noord-Brabant","30 tot 40 jaar","2017","Female",143760
"Noord-Brabant","40 tot 50 jaar","2017","Female",172878
"Noord-Brabant","50 tot 60 jaar","2017","Female",186072
"Noord-Brabant","60 tot 70 jaar","2017","Female",157614
"Noord-Brabant","70 tot 80 jaar","2017","Female",110900
"Noord-Brabant","80 tot 90 jaar","2017","Female",59200
"Noord-Brabant","90 jaar of ouder","2017","Female",11964
"Limburg","20 tot 30 jaar","2017","Female",63210
"Limburg","30 tot 40 jaar","2017","Female",57105
"Limburg","40 tot 50 jaar","2017","Female",72219
"Limburg","50 tot 60 jaar","2017","Female",90223
"Limburg","60 tot 70 jaar","2017","Female",80166
"Limburg","70 tot 80 jaar","2017","Female",57014
"Limburg","80 tot 90 jaar","2017","Female",31692
"Limburg","90 jaar of ouder","2017","Female",6492
